feature_source,feature_num_vertices,feature_num_edges,feature_largest_dist,feature_ratio_of_edges,feature_average_dist,feature_mean_degree,feature_std_deviation_degree,feature_clustering_coef,feature_energy,feature_std_devi_eig_adj,feature_connectivity,feature_small_nonzero_eig_lap,feature_sec_small_nonzero_eig_lap,feature_large_eig_lap,feature_sec_large_eig_lap,feature_small_eig_adj,feature_sec_small_eig_adj,feature_large_eig_adj,feature_sec_large_eig_adj,feature_gap_eig_adj,feature_gap_eig_lap
2-Insertions_5.col,597,3936,4.0,0.022124043033961757,3.277767957599275,13.185929648241206,8.498927098416386,0.0,2.342249568577555,3.6312435401995913,2.2656719945440082,2.276331351047568e-15,2.2656719945440082,150.05543054915262,75.93464149437436,-15.689976391221734,-14.657990041266936,16.532451492962238,13.037639305564017,3.494812187398221,150.05543054915262
2-FullIns_4.col,212,1621,4.0,0.07247607976392739,2.5932271270914917,15.29245283018868,8.191075425433066,0.00013796451246151685,2.4661741812772875,3.910556588286215,3.5083982567652123,2.7528049282332774e-14,3.5083982567652123,58.121677731932316,57.6070714432199,-17.01356640449349,-14.836018102118306,18.9329196303962,13.035819307295702,5.8971003231004975,58.12167773193229
1-FullIns_5.col,282,3247,3.0,0.08195149037126777,2.456994114984156,23.02836879432624,13.20054977493152,0.00015413903882140423,2.701725645223026,4.798788263127087,6.171808922273424,1.5204208361712476e-14,6.171808922273424,98.18623435972664,95.99999999999979,-23.191578200411225,-22.19765308949707,28.42196646423341,15.541118874118064,12.880847590115346,98.18623435972663
1-FullIns_3.col,30,100,3.0,0.22988505747126436,2.34,6.666666666666667,2.054804667656325,0.00541871921182266,1.850776610113129,2.5819888974716148,2.2320319482342397,-5.688464369972226e-17,2.2320319482342397,14.880948752984377,12.27676874491799,-6.2796820363286825,-4.936411197922083,7.300324470089086,4.403158670051522,2.8971658000375635,14.880948752984377
2-FullIns_3.col,52,201,4.0,0.1515837104072398,2.491863905325444,7.730769230769231,3.0199043834543997,0.0018099547511312218,1.987656024830152,2.7804260879888965,1.8166250212504789,-7.105427357601002e-15,1.8166250212504789,18.98628585295667,17.714320891383046,-7.8918142899813954,-5.244035367144503,8.965644730551503,6.2603681259926445,2.7052766045588585,18.986285852956676
2-Insertions_4.col,149,541,4.0,0.04906584436785779,3.1970631953515607,7.261744966442953,3.2344537274203904,0.0,1.9471337671857354,2.694762506500891,1.4145164270286446,-1.7810405442524152e-15,1.4145164270286446,38.13378971144507,20.337963704008416,-7.815562216697357,-7.256257999609749,8.216746682380341,6.418815194572799,1.797931487807542,38.13378971144507
2-FullIns_5.col,852,12201,4.0,0.033655517121530594,2.6412996759902136,28.640845070422536,20.429889804106182,1.0514458841248221e-05,2.989736948033434,5.3517142179326465,5.065823537055319,1.2789769243681803e-13,5.065823537055319,217.77220509726124,217.27696960293443,-35.1685438259687,-31.993081536074428,39.12354124825235,26.5753136700072,12.54822757824515,217.77220509726112
3-FullIns_4.col,405,3524,4.0,0.043075418652976406,2.777174211248285,17.40246913580247,10.846333798400792,3.475947263874444e-05,2.5987459549532272,4.171626677424829,2.9824298883431375,1.842877125911611e-14,2.9824298883431375,86.93756177322514,86.46741271865758,-21.489442048910583,-18.418595096951304,23.09443372305129,17.78485809227686,5.309575630774429,86.93756177322513
1-FullIns_4.col,93,593,3.0,0.1386161757830762,2.4190079778009017,12.75268817204301,5.523470768716972,0.0009170352788866113,2.2627243000947432,3.571090613810166,4.175376341758129,1.3233902914891367e-14,4.175376341758129,35.82559103073451,33.000000000000064,-12.306679358255199,-11.322946518308546,14.639341531662883,8.130710338912898,6.508631192749984,35.82559103073449
1-Insertions_4.col,67,232,3.0,0.10492989597467209,2.598351525952328,6.925373134328358,2.6894677542348933,0.0,1.9230061349158212,2.6316103690190094,2.1131806675851053,-4.081921031062365e-16,2.1131806675851053,23.273325438021892,16.386961229269662,-6.49106148904289,-6.239682497634713,7.559826139753204,4.533844373138559,3.0259817666146445,23.273325438021892
2-Insertions_3.col,37,72,4.0,0.10810810810810811,3.037253469685902,3.891891891891892,0.9524870371192484,0.0,1.5978656295588505,1.9727878476642877,0.8761400390466463,1.7763568394002505e-15,0.8761400390466463,10.3536768554429,7.493270685090639,-3.8638346940911235,-3.5320888862379594,4.059654665556514,3.142780836987725,0.916873828568789,10.353676855442899
3-FullIns_3.col,80,346,4.0,0.10949367088607595,2.6465625,8.65,3.987793876318083,0.0008885102239532619,2.07632043529144,2.9410882339705564,1.4483628396999275,-6.550655419672561e-15,1.4483628396999275,23.226345589896788,21.840691841624626,-9.596308316009877,-6.64527639581046,10.636012916285734,8.047646864107604,2.588366052178131,23.226345589896795
1-Insertions_6.col,607,6337,3.0,0.03445501057519261,2.646488387809439,20.87973640856672,14.644509165381226,0.0,2.6817081971290313,4.56943502071829,4.761459187659039,-7.81291564813532e-15,4.761459187659039,203.07293061113486,135.6940369487862,-22.07087294852603,-21.23151703981764,26.776669265717278,15.74713284781261,11.029536417904668,203.07293061113486
1-Insertions_5.col,202,1227,3.0,0.0604403723954485,2.6313596706205273,12.148514851485148,6.657663102947887,0.0,2.2811196209109514,3.485471969688634,3.2639135470503335,-7.981342036360703e-15,3.2639135470503335,68.13911708119585,45.89384048932824,-12.00053316227433,-11.583845613333185,14.30735698960494,8.492225629741709,5.815131359863232,68.13911708119586
3-Insertions_3.col,56,110,5.0,0.07142857142857142,3.6128826530612246,3.9285714285714284,1.0326308782000686,0.0,1.599753063063885,1.9820624179302309,0.6197676705610354,1.7763568394002505e-15,0.6197676705610354,12.258337994610098,7.66140756070036,-4.117278733944408,-3.6825070656623664,4.18380118981433,3.5401368175858763,0.6436643722284541,12.258337994610097
3-FullIns_5.col,2030,33751,4.0,0.016388475479925318,2.8292309932296344,33.252216748768475,28.09627067994092,1.3956548058227552e-06,3.1792253335415017,5.766473510627514,4.1932032884948995,2.6011952374679016e-13,4.1932032884948995,411.7443584754953,411.1640955658496,-46.8312918725953,-41.25284378124468,49.817981662962694,38.77139927166246,11.046582391300234,411.744358475495
